<?xml version="1.0" encoding="utf-8" ?>
<data>
	<item>
		<id><![CDATA[]]></id>
		<thumb><![CDATA[assets/images/clipart1_thumb.png]]></thumb>
		<url><![CDATA[assets/images/clipart1.png]]></url>
	</item>
	<item>
		<id><![CDATA[]]></id>
		<thumb><![CDATA[assets/images/clipart2_thumb.png]]></thumb>
		<url><![CDATA[assets/images/clipart2.png]]></url>
	</item>
	<item>
		<id><![CDATA[]]></id>
		<thumb><![CDATA[assets/images/clipart1_thumb.png]]></thumb>
		<url><![CDATA[assets/images/clipart1.png]]></url>
	</item>
	<item>
		<id><![CDATA[]]></id>
		<thumb><![CDATA[assets/images/clipart2_thumb.png]]></thumb>
		<url><![CDATA[assets/images/clipart2.png]]></url>
	</item>
	<item>
		<id><![CDATA[]]></id>
		<thumb><![CDATA[assets/images/clipart1_thumb.png]]></thumb>
		<url><![CDATA[assets/images/clipart1.png]]></url>
	</item>
	<item>
		<id><![CDATA[]]></id>
		<thumb><![CDATA[assets/images/clipart2_thumb.png]]></thumb>
		<url><![CDATA[assets/images/clipart2.png]]></url>
	</item>
</data>